<?xml version="1.0" encoding="utf-8"?>

<instance xmlns="http://www.exelearning.org/content/v0.3" reference="4" version="0.3" xmlns:xsi="http://www.w3.org/2001/XMLSchema-instance" xsi:schemalocation="http://www.exelearning.org/content/v0.3 content.xsd" class="exe.engine.package.Package">
 <dictionary>
  <string role="key" value="_title"></string>
  <unicode value=""></unicode>
  <string role="key" value="idevices"></string>
  <list></list>
  <string role="key" value="_backgroundImg"></string>
  <unicode value=""></unicode>
  <string role="key" value="_contextMode"></string>
  <unicode value=""></unicode>
  <string role="key" value="_contextPlace"></string>
  <unicode value=""></unicode>
  <string role="key" value="_docType"></string>
  <unicode value="HTML5"></unicode>
  <string role="key" value="_intendedEndUserRoleGroup"></string>
  <bool value="0"></bool>
  <string role="key" value="_intendedEndUserRoleTutor"></string>
  <bool value="0"></bool>
  <string role="key" value="_intendedEndUserRoleType"></string>
  <unicode value=""></unicode>
  <string role="key" value="_isChanged"></string>
  <bool value="1"></bool>
  <string role="key" value="_lang"></string>
  <unicode value="es"></unicode>
  <string role="key" value="_learningResourceType"></string>
  <unicode value=""></unicode>
  <string role="key" value="_levelNames"></string>
  <list>
   <unicode value="Topic"></unicode>
   <unicode value="Section"></unicode>
   <unicode value="Unit"></unicode>
  </list>
  <string role="key" value="_name"></string>
  <unicode value="newPackage"></unicode>
  <string role="key" value="_nextIdeviceId"></string>
  <int value="2"></int>
  <string role="key" value="_nextNodeId"></string>
  <int value="3"></int>
  <string role="key" value="_nodeIdDict"></string>
  <dictionary>
   <unicode role="key" value="0"></unicode>
   <instance class="exe.engine.node.Node" reference="3">
    <dictionary>
     <string role="key" value="_title"></string>
     <unicode value="Inicio"></unicode>
     <string role="key" value="idevices"></string>
     <list>
      <instance class="exe.engine.freetextidevice.FreeTextIdevice" reference="1">
       <dictionary>
        <string role="key" value="_title"></string>
        <unicode value="Free Text"></unicode>
        <string role="key" value="_author"></string>
        <unicode value="University of Auckland"></unicode>
        <string role="key" value="_purpose"></string>
        <unicode value="The majority of a learning resource will be 
establishing context, delivering instructions and providing general information.
This provides the framework within which the learning activities are built and 
delivered."></unicode>
        <string role="key" value="_tip"></string>
        <string value=""></string>
        <string role="key" value="childs"></string>
        <list></list>
        <string role="key" value="content"></string>
        <instance class="exe.engine.field.TextAreaField" reference="2">
         <dictionary>
          <string role="key" value="_id"></string>
          <int value="156"></int>
          <string role="key" value="_idevice"></string>
          <reference key="1"></reference>
          <string role="key" value="_instruc"></string>
          <unicode value="Use this field to enter text. This 
iDevice has no emphasis applied although limited formatting can be applied to 
text through the text editing buttons associated with the field."></unicode>
          <string role="key" value="_name"></string>
          <unicode value="Free Text"></unicode>
          <string role="key" value="anchor_names"></string>
          <list></list>
          <string role="key" value="content_w_resourcePaths"></string>
          <unicode content="true" value="&lt;p&gt;&lt;/p&gt;
&lt;p&gt;Mobil Menu - Sidebar&lt;/p&gt;
&lt;script src=&quot;https://cdnjs.cloudflare.com/ajax/libs/modernizr/2.8.3/modernizr.min.js&quot; type=&quot;text/javascript&quot;&gt;&lt;/script&gt;
&lt;p&gt;&lt;/p&gt;
&lt;script src=&quot;https://cdnjs.cloudflare.com/ajax/libs/prefixfree/1.0.7/prefixfree.min.js&quot;&gt;&lt;/script&gt;
&lt;style type=&quot;text/css&quot; media=&quot;screen&quot;&gt;&lt;!--
    @import 'resources/style.css';

  
--&gt;&lt;/style&gt;
&lt;header&gt;&lt;span class=&quot;menu-left&quot;&gt;&lt;i class=&quot;fa fa-bars&quot;&gt;&lt;/i&gt;&lt;/span&gt;
&lt;div&gt;
&lt;h1&gt;&lt;/h1&gt;
&lt;/div&gt;
&lt;/header&gt;
&lt;div id=&quot;menu-left&quot;&gt;
&lt;div class=&quot;box&quot;&gt;
&lt;div class=&quot;profile&quot;&gt;&lt;/div&gt;
&lt;div class=&quot;content&quot;&gt;
&lt;h5&gt;&lt;i class=&quot;fa fa-file-text-o&quot;&gt;&lt;/i&gt; Introducción &lt;i class=&quot;fa fa-chevron-down&quot;&gt;&lt;/i&gt;&lt;/h5&gt;
&lt;ul&gt;
&lt;li&gt;&lt;a&gt;&lt;i&gt;&lt;/i&gt; Introducción&lt;/a&gt;&lt;/li&gt;
&lt;/ul&gt;
&lt;h5&gt;&lt;i class=&quot;fa fa-list&quot;&gt;&lt;/i&gt; Objetivos &lt;i class=&quot;fa fa-chevron-down&quot;&gt;&lt;/i&gt;&lt;/h5&gt;
&lt;ul&gt;
&lt;li id=&quot;itemObjetivos&quot;&gt;&lt;i&gt;&lt;/i&gt; Objetivos&lt;/li&gt;
&lt;/ul&gt;
&lt;h5&gt;&lt;i class=&quot;fa fa-list-alt&quot;&gt;&lt;/i&gt; Tema 1 &lt;i class=&quot;fa fa-chevron-down&quot;&gt;&lt;/i&gt;&lt;/h5&gt;
&lt;ul&gt;
&lt;li id=&quot;itemTema1&quot;&gt;&lt;i&gt;&lt;/i&gt; Tema 1&lt;/li&gt;
&lt;/ul&gt;
&lt;h5&gt;&lt;i class=&quot;fa fa-edit&quot;&gt;&lt;/i&gt; Actividad &lt;i class=&quot;fa fa-chevron-down&quot;&gt;&lt;/i&gt;&lt;/h5&gt;
&lt;ul&gt;
&lt;li id=&quot;itemActividad&quot;&gt;&lt;i&gt;&lt;/i&gt; Actividad&lt;/li&gt;
&lt;/ul&gt;
&lt;h5&gt;&lt;i class=&quot;fa fa-star-o&quot;&gt;&lt;/i&gt; Feedback &lt;i class=&quot;fa fa-chevron-down&quot;&gt;&lt;/i&gt;&lt;/h5&gt;
&lt;ul&gt;
&lt;li&gt;&lt;a&gt;&lt;i&gt;&lt;/i&gt; Feedback&lt;/a&gt;&lt;/li&gt;
&lt;/ul&gt;
&lt;h5&gt;&lt;i class=&quot;fa fa-check-square-o&quot;&gt;&lt;/i&gt; Evaluación &lt;i class=&quot;fa fa-chevron-down&quot;&gt;&lt;/i&gt;&lt;/h5&gt;
&lt;ul&gt;
&lt;li&gt;&lt;a&gt;&lt;i&gt;&lt;/i&gt; Evaluación&lt;/a&gt;&lt;/li&gt;
&lt;/ul&gt;
&lt;h5&gt;&lt;i class=&quot;fa fa-paste&quot;&gt;&lt;/i&gt; Calificaciones &lt;i class=&quot;fa fa-chevron-down&quot;&gt;&lt;/i&gt;&lt;/h5&gt;
&lt;ul&gt;
&lt;li&gt;&lt;a&gt;&lt;i&gt;&lt;/i&gt; Calificaciones&lt;/a&gt;&lt;/li&gt;
&lt;/ul&gt;
&lt;/div&gt;
&lt;/div&gt;
&lt;/div&gt;
&lt;div id=&quot;content&quot; class=&quot;intro&quot;&gt;
&lt;div id=&quot;cabecera&quot;&gt;
&lt;h3 id=&quot;pointer&quot;&gt;&lt;i class=&quot;fa fa-file-text-o&quot;&gt;&lt;/i&gt; INTRODUCCIÓN&lt;/h3&gt;
&lt;pre&gt; &lt;/pre&gt;
&lt;/div&gt;
&lt;div id=&quot;escenario&quot;&gt;
&lt;h3&gt;CONTENIDO&lt;/h3&gt;
&lt;div id=&quot;contenidoGeneral&quot;&gt;
&lt;h2&gt;CONTENIDO&lt;/h2&gt;
&lt;div class=&quot;exe-fx exe-paginated&quot;&gt;
&lt;h2&gt;Encabezado 2&lt;/h2&gt;
&lt;p&gt;Escriba su contenido...&lt;/p&gt;
&lt;h2&gt;Encabezado 2&lt;/h2&gt;
&lt;p&gt;Escriba su contenido...&lt;/p&gt;
&lt;/div&gt;
&lt;br /&gt;
&lt;div class=&quot;has-animation animation-ltr&quot; data-delay=&quot;10&quot;&gt;
&lt;p class=&quot;bigger&quot;&gt;Reveal Animation&lt;/p&gt;
&lt;/div&gt;
&lt;br /&gt; &lt;br /&gt;
&lt;div class=&quot;has-animation animation-rtl&quot; data-delay=&quot;1000&quot;&gt;
&lt;p class=&quot;text&quot;&gt;Lorem ipsum dolor sit amet, consectetur adipisicing elit, sed do eiusmod tempor incididunt ut labore et dolore magna aliqua. Ut enim ad minim veniam, quis nostrud exercitation ullamco laboris nisi ut aliquip ex ea commodo consequat. Duis aute irure dolor in reprehenderit in voluptate velit esse cillum dolore eu fugiat nulla pariatur. Excepteur sint occaecat cupidatat non proident, sunt in culpa qui officia deserunt mollit anim id est laborum.&lt;/p&gt;
&lt;/div&gt;
&lt;/div&gt;
&lt;/div&gt;
&lt;/div&gt;
&lt;script src=&quot;http://cdnjs.cloudflare.com/ajax/libs/jquery/2.1.3/jquery.min.js&quot;&gt;&lt;/script&gt;
&lt;script src=&quot;http://ajax.googleapis.com/ajax/libs/jqueryui/1.11.2/jquery-ui.min.js&quot;&gt;&lt;/script&gt;
&lt;script src=&quot;resources/index.js&quot;&gt;&lt;/script&gt;
&lt;script src=&quot;vistas.js&quot;&gt;&lt;/script&gt;
&lt;script type=&quot;text/javascript&quot; src=&quot;my_js.js&quot;&gt;&lt;/script&gt;"></unicode>
          <string role="key" value="exe.engine.field.Field.persistenceVersion"></string>
          <int value="4"></int>
          <string role="key" value="exe.engine.field.FieldWithResources.persistenceVersion"></string>
          <int value="2"></int>
          <string role="key" value="exe.engine.field.TextAreaField.persistenceVersion"></string>
          <int value="3"></int>
          <string role="key" value="htmlTag"></string>
          <string value="div"></string>
          <string role="key" value="images"></string>
          <instance class="exe.engine.galleryidevice.GalleryImages">
           <dictionary>
            <string role="key" value=".listitems"></string>
            <list></list>
            <string role="key" value="idevice"></string>
            <reference key="2"></reference>
           </dictionary>
          </instance>
          <string role="key" value="intlinks_to_anchors"></string>
          <dictionary></dictionary>
          <string role="key" value="nextImageId"></string>
          <int value="0"></int>
          <string role="key" value="parentNode"></string>
          <none></none>
         </dictionary>
        </instance>
        <string role="key" value="edit"></string>
        <bool value="0"></bool>
        <string role="key" value="emphasis"></string>
        <int value="0"></int>
        <string role="key" value="exe.engine.freetextidevice.FreeTextIdevice.persistenceVersion"></string>
        <int value="7"></int>
        <string role="key" value="icon"></string>
        <string value=""></string>
        <string role="key" value="id"></string>
        <unicode value="1"></unicode>
        <string role="key" value="lastIdevice"></string>
        <bool value="0"></bool>
        <string role="key" value="originalicon"></string>
        <string value=""></string>
        <string role="key" value="parent"></string>
        <none></none>
        <string role="key" value="parentNode"></string>
        <reference key="3"></reference>
        <string role="key" value="systemResources"></string>
        <list></list>
        <string role="key" value="type"></string>
        <string value="a"></string>
        <string role="key" value="undo"></string>
        <bool value="1"></bool>
        <string role="key" value="userResources"></string>
        <list>
         <instance class="exe.engine.resource.Resource">
          <dictionary>
           <string role="key" value="_idevice"></string>
           <reference key="1"></reference>
           <string role="key" value="_package"></string>
           <reference key="4"></reference>
           <string role="key" value="_storageName"></string>
           <string value="index.html"></string>
           <string role="key" value="_userName"></string>
           <string value="C:\\Users\\Marisol\\Desktop\\LISTO\\index.html"></string>
           <string role="key" value="checksum"></string>
           <string value="3c69c6139050cb79b97c57eab2ec2299"></string>
           <string role="key" value="exe.engine.resource.Resource.persistenceVersion"></string>
           <int value="2"></int>
           <string role="key" value="exe.engine.resource._Resource.persistenceVersion"></string>
           <int value="2"></int>
           <string role="key" value="warningMsg"></string>
           <string value=""></string>
          </dictionary>
         </instance>
         <instance class="exe.engine.resource.Resource">
          <dictionary>
           <string role="key" value="_idevice"></string>
           <reference key="1"></reference>
           <string role="key" value="_package"></string>
           <reference key="4"></reference>
           <string role="key" value="_storageName"></string>
           <string value="index.js"></string>
           <string role="key" value="_userName"></string>
           <string value="C:\\Users\\Marisol\\Desktop\\LISTO\\index.js"></string>
           <string role="key" value="checksum"></string>
           <string value="8e38368ba80aac7c750786d0e85f50ec"></string>
           <string role="key" value="exe.engine.resource.Resource.persistenceVersion"></string>
           <int value="2"></int>
           <string role="key" value="exe.engine.resource._Resource.persistenceVersion"></string>
           <int value="2"></int>
           <string role="key" value="warningMsg"></string>
           <string value=""></string>
          </dictionary>
         </instance>
         <instance class="exe.engine.resource.Resource">
          <dictionary>
           <string role="key" value="_idevice"></string>
           <reference key="1"></reference>
           <string role="key" value="_package"></string>
           <reference key="4"></reference>
           <string role="key" value="_storageName"></string>
           <string value="style.css"></string>
           <string role="key" value="_userName"></string>
           <string value="C:\\Users\\Marisol\\Desktop\\LISTO\\style.css"></string>
           <string role="key" value="checksum"></string>
           <string value="47e8c908afe1f2c190c7c1a3b7c76fc6"></string>
           <string role="key" value="exe.engine.resource.Resource.persistenceVersion"></string>
           <int value="2"></int>
           <string role="key" value="exe.engine.resource._Resource.persistenceVersion"></string>
           <int value="2"></int>
           <string role="key" value="warningMsg"></string>
           <string value=""></string>
          </dictionary>
         </instance>
        </list>
        <string role="key" value="version"></string>
        <int value="0"></int>
       </dictionary>
      </instance>
     </list>
     <string role="key" value="_id"></string>
     <unicode value="0"></unicode>
     <string role="key" value="_package"></string>
     <reference key="4"></reference>
     <string role="key" value="exe.engine.node.Node.persistenceVersion"></string>
     <int value="2"></int>
     <string role="key" value="exportType"></string>
     <string value="scorm"></string>
     <string role="key" value="last_full_node_path"></string>
     <string value="exe-node:Inicio"></string>
     <string role="key" value="parent"></string>
     <none></none>
     <string role="key" value="children"></string>
     <list>
      <instance class="exe.engine.node.Node" reference="7">
       <dictionary>
        <string role="key" value="_title"></string>
        <unicode value="Contenido del directorio"></unicode>
        <string role="key" value="idevices"></string>
        <list>
         <instance class="exe.engine.freetextidevice.FreeTextIdevice" reference="5">
          <dictionary>
           <string role="key" value="_title"></string>
           <unicode value="Free Text"></unicode>
           <string role="key" value="_author"></string>
           <unicode value="University of Auckland"></unicode>
           <string role="key" value="_purpose"></string>
           <unicode value="The majority of a learning resource will be 
establishing context, delivering instructions and providing general information.
This provides the framework within which the learning activities are built and 
delivered."></unicode>
           <string role="key" value="_tip"></string>
           <string value=""></string>
           <string role="key" value="childs"></string>
           <list></list>
           <string role="key" value="content"></string>
           <instance class="exe.engine.field.TextAreaField" reference="6">
            <dictionary>
             <string role="key" value="_id"></string>
             <int value="155"></int>
             <string role="key" value="_idevice"></string>
             <reference key="5"></reference>
             <string role="key" value="_instruc"></string>
             <unicode value="Use this field to enter text. This 
iDevice has no emphasis applied although limited formatting can be applied to 
text through the text editing buttons associated with the field."></unicode>
             <string role="key" value="_name"></string>
             <unicode value="Free Text"></unicode>
             <string role="key" value="content_w_resourcePaths"></string>
             <unicode content="true" value="&lt;p&gt;&lt;a href=resources/cssLanguaje.html&gt;cssLanguaje.html&lt;/p&gt;
&lt;p&gt;&lt;a href=resources/index.html&gt;index.html&lt;/p&gt;
&lt;p&gt;&lt;a href=resources/index.js&gt;index.js&lt;/p&gt;
&lt;p&gt;&lt;a href=resources/inicio.html&gt;inicio.html&lt;/p&gt;
&lt;p&gt;&lt;a href=resources/jsLanguaje.html&gt;jsLanguaje.html&lt;/p&gt;
&lt;p&gt;&lt;a href=resources/markLanguaje.html&gt;markLanguaje.html&lt;/p&gt;
&lt;p&gt;&lt;a href=resources/style.css&gt;style.css&lt;/p&gt;
"></unicode>
             <string role="key" value="exe.engine.field.Field.persistenceVersion"></string>
             <int value="4"></int>
             <string role="key" value="exe.engine.field.FieldWithResources.persistenceVersion"></string>
             <int value="2"></int>
             <string role="key" value="exe.engine.field.TextAreaField.persistenceVersion"></string>
             <int value="3"></int>
             <string role="key" value="images"></string>
             <instance class="exe.engine.galleryidevice.GalleryImages">
              <dictionary>
               <string role="key" value=".listitems"></string>
               <list></list>
               <string role="key" value="idevice"></string>
               <reference key="6"></reference>
              </dictionary>
             </instance>
             <string role="key" value="nextImageId"></string>
             <int value="0"></int>
             <string role="key" value="parentNode"></string>
             <none></none>
            </dictionary>
           </instance>
           <string role="key" value="edit"></string>
           <bool value="0"></bool>
           <string role="key" value="emphasis"></string>
           <int value="0"></int>
           <string role="key" value="exe.engine.freetextidevice.FreeTextIdevice.persistenceVersion"></string>
           <int value="7"></int>
           <string role="key" value="icon"></string>
           <string value=""></string>
           <string role="key" value="id"></string>
           <unicode value="0"></unicode>
           <string role="key" value="lastIdevice"></string>
           <bool value="1"></bool>
           <string role="key" value="originalicon"></string>
           <string value=""></string>
           <string role="key" value="parent"></string>
           <none></none>
           <string role="key" value="parentNode"></string>
           <reference key="7"></reference>
           <string role="key" value="systemResources"></string>
           <list></list>
           <string role="key" value="type"></string>
           <none></none>
           <string role="key" value="undo"></string>
           <bool value="1"></bool>
           <string role="key" value="userResources"></string>
           <list>
            <instance class="exe.engine.resource.Resource" reference="12">
             <dictionary>
              <string role="key" value="_idevice"></string>
              <reference key="5"></reference>
              <string role="key" value="_package"></string>
              <reference key="4"></reference>
              <string role="key" value="_storageName"></string>
              <string value="cssLanguaje.html"></string>
              <string role="key" value="_userName"></string>
              <string value="C:\\Users\\Marisol\\Desktop\\LISTO\\cssLanguaje.html"></string>
              <string role="key" value="checksum"></string>
              <string value="9577e205a966e8ecd15bc1b792e7929e"></string>
              <string role="key" value="exe.engine.resource.Resource.persistenceVersion"></string>
              <int value="2"></int>
              <string role="key" value="exe.engine.resource._Resource.persistenceVersion"></string>
              <int value="2"></int>
              <string role="key" value="warningMsg"></string>
              <string value=""></string>
             </dictionary>
            </instance>
            <instance class="exe.engine.resource.Resource" reference="8">
             <dictionary>
              <string role="key" value="_idevice"></string>
              <reference key="5"></reference>
              <string role="key" value="_package"></string>
              <reference key="4"></reference>
              <string role="key" value="_storageName"></string>
              <string value="index.html"></string>
              <string role="key" value="_userName"></string>
              <string value="C:\\Users\\Marisol\\Desktop\\LISTO\\index.html"></string>
              <string role="key" value="checksum"></string>
              <string value="3c69c6139050cb79b97c57eab2ec2299"></string>
              <string role="key" value="exe.engine.resource.Resource.persistenceVersion"></string>
              <int value="2"></int>
              <string role="key" value="exe.engine.resource._Resource.persistenceVersion"></string>
              <int value="2"></int>
              <string role="key" value="warningMsg"></string>
              <string value=""></string>
             </dictionary>
            </instance>
            <instance class="exe.engine.resource.Resource" reference="11">
             <dictionary>
              <string role="key" value="_idevice"></string>
              <reference key="5"></reference>
              <string role="key" value="_package"></string>
              <reference key="4"></reference>
              <string role="key" value="_storageName"></string>
              <string value="index.js"></string>
              <string role="key" value="_userName"></string>
              <string value="C:\\Users\\Marisol\\Desktop\\LISTO\\index.js"></string>
              <string role="key" value="checksum"></string>
              <string value="8e38368ba80aac7c750786d0e85f50ec"></string>
              <string role="key" value="exe.engine.resource.Resource.persistenceVersion"></string>
              <int value="2"></int>
              <string role="key" value="exe.engine.resource._Resource.persistenceVersion"></string>
              <int value="2"></int>
              <string role="key" value="warningMsg"></string>
              <string value=""></string>
             </dictionary>
            </instance>
            <instance class="exe.engine.resource.Resource" reference="14">
             <dictionary>
              <string role="key" value="_idevice"></string>
              <reference key="5"></reference>
              <string role="key" value="_package"></string>
              <reference key="4"></reference>
              <string role="key" value="_storageName"></string>
              <string value="inicio.html"></string>
              <string role="key" value="_userName"></string>
              <string value="C:\\Users\\Marisol\\Desktop\\LISTO\\inicio.html"></string>
              <string role="key" value="checksum"></string>
              <string value="dc377276064894af0f0b92677c7cd43c"></string>
              <string role="key" value="exe.engine.resource.Resource.persistenceVersion"></string>
              <int value="2"></int>
              <string role="key" value="exe.engine.resource._Resource.persistenceVersion"></string>
              <int value="2"></int>
              <string role="key" value="warningMsg"></string>
              <string value=""></string>
             </dictionary>
            </instance>
            <instance class="exe.engine.resource.Resource" reference="10">
             <dictionary>
              <string role="key" value="_idevice"></string>
              <reference key="5"></reference>
              <string role="key" value="_package"></string>
              <reference key="4"></reference>
              <string role="key" value="_storageName"></string>
              <string value="jsLanguaje.html"></string>
              <string role="key" value="_userName"></string>
              <string value="C:\\Users\\Marisol\\Desktop\\LISTO\\jsLanguaje.html"></string>
              <string role="key" value="checksum"></string>
              <string value="7fb5d342c5d8681a0b40b85026bf0cba"></string>
              <string role="key" value="exe.engine.resource.Resource.persistenceVersion"></string>
              <int value="2"></int>
              <string role="key" value="exe.engine.resource._Resource.persistenceVersion"></string>
              <int value="2"></int>
              <string role="key" value="warningMsg"></string>
              <string value=""></string>
             </dictionary>
            </instance>
            <instance class="exe.engine.resource.Resource" reference="13">
             <dictionary>
              <string role="key" value="_idevice"></string>
              <reference key="5"></reference>
              <string role="key" value="_package"></string>
              <reference key="4"></reference>
              <string role="key" value="_storageName"></string>
              <string value="markLanguaje.html"></string>
              <string role="key" value="_userName"></string>
              <string value="C:\\Users\\Marisol\\Desktop\\LISTO\\markLanguaje.html"></string>
              <string role="key" value="checksum"></string>
              <string value="997c9ec76938fed8d4d75aa5e067c548"></string>
              <string role="key" value="exe.engine.resource.Resource.persistenceVersion"></string>
              <int value="2"></int>
              <string role="key" value="exe.engine.resource._Resource.persistenceVersion"></string>
              <int value="2"></int>
              <string role="key" value="warningMsg"></string>
              <string value=""></string>
             </dictionary>
            </instance>
            <instance class="exe.engine.resource.Resource" reference="9">
             <dictionary>
              <string role="key" value="_idevice"></string>
              <reference key="5"></reference>
              <string role="key" value="_package"></string>
              <reference key="4"></reference>
              <string role="key" value="_storageName"></string>
              <string value="style.css"></string>
              <string role="key" value="_userName"></string>
              <string value="C:\\Users\\Marisol\\Desktop\\LISTO\\style.css"></string>
              <string role="key" value="checksum"></string>
              <string value="47e8c908afe1f2c190c7c1a3b7c76fc6"></string>
              <string role="key" value="exe.engine.resource.Resource.persistenceVersion"></string>
              <int value="2"></int>
              <string role="key" value="exe.engine.resource._Resource.persistenceVersion"></string>
              <int value="2"></int>
              <string role="key" value="warningMsg"></string>
              <string value=""></string>
             </dictionary>
            </instance>
           </list>
           <string role="key" value="version"></string>
           <int value="0"></int>
          </dictionary>
         </instance>
        </list>
        <string role="key" value="_id"></string>
        <unicode value="2"></unicode>
        <string role="key" value="_package"></string>
        <reference key="4"></reference>
        <string role="key" value="exe.engine.node.Node.persistenceVersion"></string>
        <int value="2"></int>
        <string role="key" value="exportType"></string>
        <string value="scorm"></string>
        <string role="key" value="last_full_node_path"></string>
        <string value="exe-node:Inicio:Tema"></string>
        <string role="key" value="parent"></string>
        <reference key="3"></reference>
        <string role="key" value="children"></string>
        <list></list>
       </dictionary>
      </instance>
     </list>
    </dictionary>
   </instance>
   <unicode role="key" value="2"></unicode>
   <reference key="7"></reference>
  </dictionary>
  <string role="key" value="_objectives"></string>
  <unicode value=""></unicode>
  <string role="key" value="_preknowledge"></string>
  <unicode value=""></unicode>
  <string role="key" value="backgroundImgTile"></string>
  <bool value="0"></bool>
  <string role="key" value="compatibleWithVersion9"></string>
  <bool value="0"></bool>
  <string role="key" value="currentNode"></string>
  <reference key="3"></reference>
  <string role="key" value="dublinCore"></string>
  <instance class="exe.engine.package.DublinCore">
   <dictionary>
    <string role="key" value="contributors"></string>
    <unicode value=""></unicode>
    <string role="key" value="coverage"></string>
    <unicode value=""></unicode>
    <string role="key" value="creator"></string>
    <unicode value=""></unicode>
    <string role="key" value="date"></string>
    <unicode value=""></unicode>
    <string role="key" value="description"></string>
    <unicode value=""></unicode>
    <string role="key" value="format"></string>
    <unicode value=""></unicode>
    <string role="key" value="identifier"></string>
    <unicode value="8084494f-59d0-48ee-8400-22c63d6b0ed3"></unicode>
    <string role="key" value="language"></string>
    <unicode value=""></unicode>
    <string role="key" value="publisher"></string>
    <unicode value=""></unicode>
    <string role="key" value="relation"></string>
    <unicode value=""></unicode>
    <string role="key" value="rights"></string>
    <unicode value=""></unicode>
    <string role="key" value="source"></string>
    <unicode value=""></unicode>
    <string role="key" value="subject"></string>
    <unicode value=""></unicode>
    <string role="key" value="title"></string>
    <unicode value=""></unicode>
    <string role="key" value="type"></string>
    <unicode value=""></unicode>
   </dictionary>
  </instance>
  <string role="key" value="exe.engine.package.Package.persistenceVersion"></string>
  <int value="13"></int>
  <string role="key" value="exportMetadataType"></string>
  <string value="LOMES"></string>
  <string role="key" value="exportSource"></string>
  <bool value="1"></bool>
  <string role="key" value="footer"></string>
  <string value=""></string>
  <string role="key" value="isLoading"></string>
  <bool value="0"></bool>
  <string role="key" value="license"></string>
  <unicode value="creative commons: attribution - share alike 4.0"></unicode>
  <string role="key" value="lom"></string>
  <instance class="exe.engine.lom.lomsubs.lomSub">
   <dictionary>
    <string role="key" value="__index__"></string>
    <dictionary></dictionary>
    <string role="key" value="__oldchild__"></string>
    <none></none>
    <string role="key" value="annotation"></string>
    <list></list>
    <string role="key" value="classification"></string>
    <list></list>
    <string role="key" value="educational"></string>
    <list></list>
    <string role="key" value="general"></string>
    <instance class="exe.engine.lom.lomsubs.generalSub">
     <dictionary>
      <string role="key" value="aggregationLevel"></string>
      <instance class="exe.engine.lom.lomsubs.aggregationLevelSub">
       <dictionary>
        <string role="key" value="extensiontype_"></string>
        <none></none>
        <string role="key" value="source"></string>
        <instance class="exe.engine.lom.lomsubs.sourceValueSub">
         <dictionary>
          <string role="key" value="extensiontype_"></string>
          <none></none>
          <string role="key" value="string"></string>
          <list></list>
          <string role="key" value="uniqueElementName"></string>
          <string value="source"></string>
          <string role="key" value="valueOf_"></string>
          <string value="LOMv1.0"></string>
         </dictionary>
        </instance>
        <string role="key" value="uniqueElementName"></string>
        <string value="aggregationLevel"></string>
        <string role="key" value="value"></string>
        <instance class="exe.engine.lom.lomsubs.aggregationLevelValueSub">
         <dictionary>
          <string role="key" value="extensiontype_"></string>
          <none></none>
          <string role="key" value="source"></string>
          <none></none>
          <string role="key" value="uniqueElementName"></string>
          <string value="value"></string>
          <string role="key" value="value"></string>
          <none></none>
          <string role="key" value="valueOf_"></string>
          <string value="2"></string>
         </dictionary>
        </instance>
       </dictionary>
      </instance>
      <string role="key" value="coverage"></string>
      <list></list>
      <string role="key" value="description"></string>
      <list></list>
      <string role="key" value="identifier"></string>
      <list>
       <instance class="exe.engine.lom.lomsubs.identifierSub">
        <dictionary>
         <string role="key" value="catalog"></string>
         <instance class="exe.engine.lom.lomsubs.catalogSub">
          <dictionary>
           <string role="key" value="uniqueElementName"></string>
           <string value="catalog"></string>
           <string role="key" value="valueOf_"></string>
           <unicode value="Mi catálogo"></unicode>
          </dictionary>
         </instance>
         <string role="key" value="entry"></string>
         <instance class="exe.engine.lom.lomsubs.entrySub">
          <dictionary>
           <string role="key" value="uniqueElementName"></string>
           <string value="entry"></string>
           <string role="key" value="valueOf_"></string>
           <unicode value="8084494f-59d0-48ee-8400-22c63d6b0ed3"></unicode>
          </dictionary>
         </instance>
        </dictionary>
       </instance>
      </list>
      <string role="key" value="keyword"></string>
      <list></list>
      <string role="key" value="language"></string>
      <list></list>
      <string role="key" value="structure"></string>
      <none></none>
      <string role="key" value="title"></string>
      <none></none>
      <string role="key" value="uniqueElementName"></string>
      <string value="general"></string>
     </dictionary>
    </instance>
    <string role="key" value="lifeCycle"></string>
    <none></none>
    <string role="key" value="metaMetadata"></string>
    <instance class="exe.engine.lom.lomsubs.metaMetadataSub">
     <dictionary>
      <string role="key" value="contribute"></string>
      <list></list>
      <string role="key" value="identifier"></string>
      <list></list>
      <string role="key" value="language"></string>
      <none></none>
      <string role="key" value="metadataSchema"></string>
      <list>
       <instance class="exe.engine.lom.lomsubs.metadataSchemaSub">
        <dictionary>
         <string role="key" value="valueOf_"></string>
         <string value="LOMv1.0"></string>
        </dictionary>
       </instance>
      </list>
      <string role="key" value="uniqueElementName"></string>
      <string value="metaMetadata"></string>
     </dictionary>
    </instance>
    <string role="key" value="relation"></string>
    <list></list>
    <string role="key" value="rights"></string>
    <none></none>
    <string role="key" value="technical"></string>
    <none></none>
   </dictionary>
  </instance>
  <string role="key" value="lomEs"></string>
  <instance class="exe.engine.lom.lomsubs.lomSub">
   <dictionary>
    <string role="key" value="__index__"></string>
    <dictionary></dictionary>
    <string role="key" value="__oldchild__"></string>
    <none></none>
    <string role="key" value="annotation"></string>
    <list></list>
    <string role="key" value="classification"></string>
    <list></list>
    <string role="key" value="educational"></string>
    <list></list>
    <string role="key" value="general"></string>
    <instance class="exe.engine.lom.lomsubs.generalSub">
     <dictionary>
      <string role="key" value="aggregationLevel"></string>
      <instance class="exe.engine.lom.lomsubs.aggregationLevelSub">
       <dictionary>
        <string role="key" value="extensiontype_"></string>
        <none></none>
        <string role="key" value="source"></string>
        <instance class="exe.engine.lom.lomsubs.sourceValueSub">
         <dictionary>
          <string role="key" value="extensiontype_"></string>
          <none></none>
          <string role="key" value="string"></string>
          <list></list>
          <string role="key" value="uniqueElementName"></string>
          <string value="source"></string>
          <string role="key" value="valueOf_"></string>
          <string value="LOM-ESv1.0"></string>
         </dictionary>
        </instance>
        <string role="key" value="uniqueElementName"></string>
        <string value="aggregationLevel"></string>
        <string role="key" value="value"></string>
        <instance class="exe.engine.lom.lomsubs.aggregationLevelValueSub">
         <dictionary>
          <string role="key" value="extensiontype_"></string>
          <none></none>
          <string role="key" value="source"></string>
          <none></none>
          <string role="key" value="uniqueElementName"></string>
          <string value="value"></string>
          <string role="key" value="value"></string>
          <none></none>
          <string role="key" value="valueOf_"></string>
          <string value="2"></string>
         </dictionary>
        </instance>
       </dictionary>
      </instance>
      <string role="key" value="coverage"></string>
      <list></list>
      <string role="key" value="description"></string>
      <list></list>
      <string role="key" value="identifier"></string>
      <list>
       <instance class="exe.engine.lom.lomsubs.identifierSub">
        <dictionary>
         <string role="key" value="catalog"></string>
         <instance class="exe.engine.lom.lomsubs.catalogSub">
          <dictionary>
           <string role="key" value="uniqueElementName"></string>
           <string value="catalog"></string>
           <string role="key" value="valueOf_"></string>
           <unicode value="Mi catálogo"></unicode>
          </dictionary>
         </instance>
         <string role="key" value="entry"></string>
         <instance class="exe.engine.lom.lomsubs.entrySub">
          <dictionary>
           <string role="key" value="uniqueElementName"></string>
           <string value="entry"></string>
           <string role="key" value="valueOf_"></string>
           <unicode value="8084494f-59d0-48ee-8400-22c63d6b0ed3"></unicode>
          </dictionary>
         </instance>
        </dictionary>
       </instance>
      </list>
      <string role="key" value="keyword"></string>
      <list></list>
      <string role="key" value="language"></string>
      <list></list>
      <string role="key" value="structure"></string>
      <none></none>
      <string role="key" value="title"></string>
      <none></none>
      <string role="key" value="uniqueElementName"></string>
      <string value="general"></string>
     </dictionary>
    </instance>
    <string role="key" value="lifeCycle"></string>
    <none></none>
    <string role="key" value="metaMetadata"></string>
    <instance class="exe.engine.lom.lomsubs.metaMetadataSub">
     <dictionary>
      <string role="key" value="contribute"></string>
      <list></list>
      <string role="key" value="identifier"></string>
      <list></list>
      <string role="key" value="language"></string>
      <none></none>
      <string role="key" value="metadataSchema"></string>
      <list>
       <instance class="exe.engine.lom.lomsubs.metadataSchemaSub">
        <dictionary>
         <string role="key" value="valueOf_"></string>
         <string value="LOM-ESv1.0"></string>
        </dictionary>
       </instance>
      </list>
      <string role="key" value="uniqueElementName"></string>
      <string value="metaMetadata"></string>
     </dictionary>
    </instance>
    <string role="key" value="relation"></string>
    <list></list>
    <string role="key" value="rights"></string>
    <instance class="exe.engine.lom.lomsubs.rightsSub">
     <dictionary>
      <string role="key" value="access"></string>
      <instance class="exe.engine.lom.lomsubs.accessSub">
       <dictionary>
        <string role="key" value="accessType"></string>
        <instance class="exe.engine.lom.lomsubs.accessTypeSub">
         <dictionary>
          <string role="key" value="extensiontype_"></string>
          <none></none>
          <string role="key" value="source"></string>
          <instance class="exe.engine.lom.lomsubs.sourceValueSub">
           <dictionary>
            <string role="key" value="extensiontype_"></string>
            <none></none>
            <string role="key" value="string"></string>
            <list></list>
            <string role="key" value="uniqueElementName"></string>
            <string value="source"></string>
            <string role="key" value="valueOf_"></string>
            <string value="LOM-ESv1.0"></string>
           </dictionary>
          </instance>
          <string role="key" value="uniqueElementName"></string>
          <string value="accessType"></string>
          <string role="key" value="value"></string>
          <instance class="exe.engine.lom.lomsubs.accessTypeValueSub">
           <dictionary>
            <string role="key" value="extensiontype_"></string>
            <none></none>
            <string role="key" value="source"></string>
            <none></none>
            <string role="key" value="uniqueElementName"></string>
            <string value="value"></string>
            <string role="key" value="value"></string>
            <none></none>
            <string role="key" value="valueOf_"></string>
            <string value="universal"></string>
           </dictionary>
          </instance>
         </dictionary>
        </instance>
        <string role="key" value="description"></string>
        <instance class="exe.engine.lom.lomsubs.LanguageStringSub">
         <dictionary>
          <string role="key" value="extensiontype_"></string>
          <none></none>
          <string role="key" value="string"></string>
          <list>
           <instance class="exe.engine.lom.lomsubs.LangStringSub">
            <dictionary>
             <string role="key" value="language"></string>
             <string value="es"></string>
             <string role="key" value="valueOf_"></string>
             <unicode value="Preestablecido"></unicode>
            </dictionary>
           </instance>
          </list>
         </dictionary>
        </instance>
        <string role="key" value="uniqueElementName"></string>
        <string value="access"></string>
       </dictionary>
      </instance>
      <string role="key" value="copyrightAndOtherRestrictions"></string>
      <none></none>
      <string role="key" value="cost"></string>
      <none></none>
      <string role="key" value="description"></string>
      <none></none>
      <string role="key" value="uniqueElementName"></string>
      <string value="rights"></string>
     </dictionary>
    </instance>
    <string role="key" value="technical"></string>
    <none></none>
   </dictionary>
  </instance>
  <string role="key" value="mxmlforcemediaonly"></string>
  <bool value="0"></bool>
  <string role="key" value="mxmlheight"></string>
  <string value=""></string>
  <string role="key" value="mxmlprofilelist"></string>
  <string value=""></string>
  <string role="key" value="mxmlwidth"></string>
  <string value=""></string>
  <string role="key" value="resources"></string>
  <dictionary>
   <string role="key" value="3c69c6139050cb79b97c57eab2ec2299"></string>
   <list>
    <reference key="8"></reference>
   </list>
   <string role="key" value="47e8c908afe1f2c190c7c1a3b7c76fc6"></string>
   <list>
    <reference key="9"></reference>
   </list>
   <string role="key" value="7fb5d342c5d8681a0b40b85026bf0cba"></string>
   <list>
    <reference key="10"></reference>
   </list>
   <string role="key" value="8e38368ba80aac7c750786d0e85f50ec"></string>
   <list>
    <reference key="11"></reference>
   </list>
   <string role="key" value="9577e205a966e8ecd15bc1b792e7929e"></string>
   <list>
    <reference key="12"></reference>
   </list>
   <string role="key" value="997c9ec76938fed8d4d75aa5e067c548"></string>
   <list>
    <reference key="13"></reference>
   </list>
   <string role="key" value="dc377276064894af0f0b92677c7cd43c"></string>
   <list>
    <reference key="14"></reference>
   </list>
  </dictionary>
  <string role="key" value="root"></string>
  <reference key="3"></reference>
  <string role="key" value="scolinks"></string>
  <bool value="0"></bool>
  <string role="key" value="scowsinglepage"></string>
  <bool value="0"></bool>
  <string role="key" value="scowwebsite"></string>
  <bool value="0"></bool>
  <string role="key" value="style"></string>
  <unicode value="rr"></unicode>
  <string role="key" value="sugaractivityname"></string>
  <string value=""></string>
  <string role="key" value="sugarservicename"></string>
  <string value=""></string>
 </dictionary>
</instance>